Bulan,Meulaboh,Banda Aceh,Lhokseumawe,Sibolga,Pematangsiantar,Medan,Padangsidimpuan,Padang,Bukittinggi,Tembilahan,Pekanbaru,Dumai,Bungo,Jambi,Palembang,Lubuklinggau,Bengkulu,Bandar Lampung,Metro,Tanjung Pandan,Pangkalpinang,Batam,Tanjung Pinang,Jakarta,Bogor,Sukabumi,Bandung,Cirebon,Bekasi,Depok,Tasikmalaya,Cilacap,Purwokerto,Kudus,Surakarta,Semarang,Tegal,Yogyakarta,Jember,Banyuwangi,Sumenep,Kediri,Malang,Probolinggo,Madiun,Surabaya,Tangerang,Cilegon,Serang,Singaraja,Denpasar,Mataram,Bima,Maumere,Kupang,Pontianak,Singkawang,Sampit,Palangka Raya,Tanjung,Banjarmasin,Balikpapan,Samarinda,Tarakan,Manado,Palu,Bulukumba,Watampone,Makassar,Pare-Pare,Palopo,Kendari,Baubau,Gorontalo,Mamuju,Ambon,Tual,Ternate,Manokwari,Sorong,Merauke,Jayapura
2014-12-01,8.2,7.83,8.53,8.36,7.94,8.24,7.38,11.9,9.24,10.06,8.53,8.53,8.99,8.72,8.38,9.34,10.85,8.36,6.5,13.14,6.81,7.61,7.49,8.95,6.83,8.38,7.76,7.08,7.68,7.49,8.09,8.19,7.09,8.59,8.01,8.53,7.4,6.59,7.52,6.59,8.04,7.49,8.14,6.79,7.4,7.9,10.03,9.93,11.27,10.32,8.03,7.18,7.37,4.0,8.32,9.38,9.66,7.9,6.63,8.8,7.16,7.43,6.74,11.91,9.67,8.85,9.45,8.22,8.51,9.38,8.95,7.4,11.37,6.14,7.88,6.81,11.48,9.34,5.7,6.83,12.31,7.98
2015-01-01,5.25,5.97,6.43,5.6,6.09,6.79,5.64,7.65,6.73,7.09,7.04,7.67,7.22,6.1,6.0,6.67,8.82,6.88,3.43,10.73,3.88,6.39,6.36,7.38,4.76,6.79,6.53,6.22,6.28,5.92,6.79,7.06,6.08,6.42,6.49,7.04,6.5,5.62,5.96,6.06,6.91,5.92,7.37,5.57,6.44,7.08,8.21,8.68,9.64,8.76,6.61,6.1,6.65,4.62,8.46,10.64,8.79,7.28,6.19,6.78,6.65,7.82,5.92,11.82,7.75,7.86,8.11,7.0,7.16,8.35,6.72,6.04,9.33,4.42,7.6,8.46,11.36,8.26,5.66,7.2,11.84,5.72
2015-02-01,5.58,5.49,5.16,6.02,5.43,5.98,5.2,6.09,4.5,5.59,6.36,6.62,5.27,5.33,5.73,5.91,7.49,6.55,2.34,8.1,5.17,5.68,4.98,7.1,4.54,6.23,5.73,5.37,5.76,4.78,5.84,6.33,4.84,5.89,5.23,6.06,5.3,5.12,5.34,3.92,5.51,4.99,6.43,5.1,5.26,6.39,6.83,7.19,7.73,8.81,6.07,5.21,5.49,2.17,5.44,8.16,7.12,5.73,6.05,6.09,7.01,8.79,6.08,10.61,7.79,6.64,6.02,5.23,6.69,7.54,6.4,6.1,10.55,4.82,6.1,8.66,13.27,8.11,5.39,6.81,11.65,5.96
2015-03-01,5.67,5.4,5.44,6.28,4.99,6.33,5.24,6.52,4.53,5.63,6.16,6.5,4.92,4.88,6.28,6.07,7.65,7.21,3.65,7.07,6.56,5.84,4.61,7.1,5.03,6.09,6.26,4.52,5.04,5.09,5.9,6.51,4.59,5.42,5.07,6.04,5.27,5.13,5.47,3.82,5.78,5.27,6.33,4.95,5.28,6.52,7.34,7.74,7.76,8.99,5.88,6.07,5.64,2.55,5.81,9.21,7.67,6.34,5.66,6.72,7.02,8.12,5.65,9.52,7.99,5.28,6.21,5.66,7.34,6.53,6.95,6.81,10.52,5.28,6.68,8.44,16.26,7.92,6.64,7.11,9.25,5.99
2015-04-01,5.83,5.64,6.28,6.65,6.27,6.99,5.68,7.22,5.59,5.47,7.08,6.47,5.31,5.04,6.93,7.76,8.29,8.08,4.62,8.12,5.83,6.88,6.19,7.35,6.23,6.16,6.66,4.66,5.99,5.29,6.18,6.62,4.83,6.03,5.6,6.26,5.55,5.45,5.64,4.45,6.46,5.84,6.99,5.49,6.05,6.77,7.81,7.98,9.14,9.5,6.16,6.39,6.65,1.98,6.19,9.72,8.25,6.85,5.09,6.75,6.85,6.93,5.9,9.55,7.73,5.46,5.53,4.64,7.39,6.75,6.83,6.69,10.52,4.51,6.68,7.81,17.6,7.83,6.0,7.06,9.43,7.83
2015-05-01,6.09,5.28,5.45,7.3,5.76,7.74,6.49,7.86,5.95,6.63,7.31,7.37,6.21,6.04,7.56,7.89,9.35,8.75,5.12,8.44,6.52,7.63,7.32,7.66,6.52,6.19,6.76,5.36,6.56,5.8,6.09,6.78,5.24,6.13,5.72,6.56,6.33,5.77,5.6,4.97,6.83,6.05,7.08,5.84,6.23,7.0,8.45,8.78,9.58,8.25,6.24,6.79,5.54,1.46,6.72,9.58,8.87,6.92,5.29,6.93,6.05,7.39,5.88,9.75,8.92,6.96,5.98,4.43,8.07,6.67,6.51,7.1,9.2,5.82,7.27,8.53,18.85,8.64,5.33,6.62,9.07,6.82
2015-06-01,6.47,6.12,6.36,8.54,7.37,7.92,6.41,8.42,6.34,6.23,7.53,7.29,6.02,6.46,7.39,8.32,9.9,8.67,5.53,8.28,6.12,8.27,7.84,7.59,6.55,5.83,7.31,5.33,6.52,5.73,6.4,6.09,5.34,6.17,5.75,6.34,6.63,5.68,5.69,4.85,6.49,5.78,7.16,5.81,6.1,7.19,8.85,8.41,9.63,8.72,6.6,6.47,4.39,2.24,6.57,9.29,7.82,6.79,5.35,6.26,6.05,8.18,6.48,9.79,8.73,6.0,6.12,4.27,8.61,6.98,6.89,6.4,9.9,6.09,7.59,8.06,17.83,8.22,6.15,8.93,8.35,8.15
2015-07-01,4.84,5.47,5.28,8.44,7.12,7.95,6.58,8.85,7.16,4.75,7.21,7.24,6.43,6.68,7.57,8.52,8.26,8.64,5.92,5.39,7.5,8.97,7.08,7.38,6.33,5.89,7.43,5.74,6.27,5.7,6.04,5.74,5.36,6.25,6.14,6.64,6.78,5.45,6.25,5.25,6.46,5.56,7.25,5.51,6.33,7.15,9.07,8.06,9.09,9.24,7.06,5.92,4.19,3.48,6.5,10.44,7.92,7.2,6.1,6.77,6.52,9.72,6.86,8.59,8.93,5.78,5.58,3.52,8.81,7.18,5.64,5.29,9.51,6.06,7.74,9.02,14.93,6.48,6.27,8.93,6.59,8.32
2015-08-01,3.47,5.17,4.84,7.97,6.77,7.86,5.53,7.3,6.78,5.07,6.59,7.13,6.22,6.78,7.75,8.98,9.68,8.25,5.44,5.72,7.93,9.2,6.15,7.4,6.59,6.3,7.51,4.72,6.6,5.85,5.74,5.44,5.05,6.26,5.86,6.5,6.56,5.7,6.65,5.75,6.15,5.51,7.05,5.45,6.04,7.13,8.84,8.11,8.82,8.62,6.72,5.62,3.92,3.66,6.46,9.37,6.39,7.72,5.76,7.76,6.57,8.82,6.98,7.82,8.64,4.85,5.73,3.57,8.75,6.87,6.05,6.08,7.37,7.24,7.01,6.95,14.26,9.25,2.61,7.71,5.23,7.76
2015-09-01,2.86,4.3,4.55,5.59,5.87,6.87,4.52,6.42,5.0,4.71,5.7,6.21,5.37,5.29,6.84,8.33,8.65,8.04,5.9,7.11,7.46,8.55,6.81,7.24,6.25,5.74,6.9,4.04,6.07,5.53,5.81,5.42,5.28,6.58,5.27,5.88,6.23,5.23,6.52,5.86,6.02,5.42,6.99,5.65,6.13,6.97,8.11,8.08,8.34,7.92,6.27,5.93,3.43,4.44,7.08,9.4,6.17,7.37,4.88,8.31,6.94,8.12,6.87,6.76,9.34,5.36,6.63,4.33,8.95,7.02,7.19,6.86,8.29,7.39,6.49,7.64,13.67,6.6,3.22,7.03,5.49,7.63
2015-10-01,2.07,4.01,4.38,4.65,6.03,5.77,4.13,4.72,4.06,3.88,4.92,5.89,4.2,4.83,6.18,7.05,7.67,7.24,5.74,5.15,7.96,7.51,5.04,6.76,5.09,5.47,6.68,3.95,5.35,4.8,6.08,4.98,4.87,6.01,5.07,5.13,5.53,4.94,6.34,5.05,5.49,5.05,6.61,5.19,5.74,6.09,6.82,7.08,7.62,6.09,5.02,5.75,4.87,4.92,7.23,9.79,6.21,7.29,5.11,8.86,6.51,9.6,6.43,6.72,9.42,4.81,5.23,4.18,8.44,6.26,6.74,6.28,6.49,7.06,6.55,8.58,9.54,6.55,2.36,7.97,6.29,6.82
2015-11-01,1.27,2.93,3.09,2.94,4.29,4.51,2.52,1.72,2.83,3.02,3.17,3.93,1.94,3.08,4.71,5.12,5.54,6.26,4.42,2.86,5.71,6.49,4.43,5.38,3.82,4.15,5.54,3.09,3.32,3.18,5.38,3.62,3.61,4.85,3.88,3.94,4.69,3.91,4.6,3.88,4.48,3.45,5.19,3.88,4.39,4.75,5.75,5.55,6.68,4.25,3.76,4.61,5.2,5.11,6.0,8.12,5.04,6.42,5.03,8.27,5.4,7.9,5.49,4.98,7.73,5.08,3.61,2.93,7.26,4.62,5.67,4.43,6.12,6.59,5.85,7.22,7.58,6.15,2.51,7.08,7.47,5.63
2015-12-01,0.58,1.27,2.44,3.34,3.36,3.32,1.66,0.85,2.79,2.06,2.71,2.63,1.29,1.37,3.05,3.47,3.25,4.65,2.67,0.88,4.66,4.73,2.46,3.3,2.7,2.2,3.93,1.56,2.22,1.87,3.53,2.63,2.52,3.28,2.56,2.56,3.95,3.09,2.31,2.15,2.62,1.71,3.32,2.11,2.75,3.43,4.28,3.94,4.67,2.97,2.7,3.25,4.11,3.89,5.07,6.17,4.0,5.72,4.2,6.69,5.03,6.26,4.24,3.42,5.56,4.17,2.17,0.97,5.18,1.58,3.38,1.64,3.95,4.3,5.07,5.92,8.58,4.52,2.77,6.17,5.76,2.79
2016-01-01,1.17,1.79,2.28,4.59,4.45,4.62,2.71,2.9,3.5,2.73,3.69,3.68,2.63,2.71,4.58,5.15,4.8,5.58,3.51,-0.52,4.64,5.67,3.22,3.98,4.88,3.31,4.54,2.2,2.77,3.3,4.81,3.68,3.23,4.11,3.29,3.46,4.69,3.5,3.0,2.75,3.56,2.38,3.88,2.75,3.31,3.76,5.69,4.54,5.86,4.67,3.27,3.93,4.84,3.79,5.24,5.3,3.21,5.82,3.55,6.0,5.38,4.27,4.15,3.91,6.12,3.62,2.76,2.78,6.68,3.11,4.34,4.15,4.87,5.03,4.87,3.75,7.83,5.65,3.21,7.17,5.13,4.01
2016-02-01,2.54,2.74,4.3,6.75,5.56,6.46,3.97,5.98,5.77,3.66,3.8,4.72,4.19,4.51,4.98,5.88,6.09,5.35,4.96,2.48,5.99,5.75,4.03,3.67,4.71,3.24,4.77,2.38,2.8,3.42,4.69,3.69,3.63,4.28,4.13,3.84,4.84,3.83,3.69,3.93,4.14,2.9,4.33,3.1,3.86,4.08,5.92,5.44,6.68,3.94,3.49,4.37,6.09,4.87,6.23,5.2,3.28,6.11,3.85,6.58,5.51,4.04,4.37,4.61,5.46,4.92,2.69,2.74,6.87,3.71,4.59,5.18,4.2,6.37,5.67,2.88,3.1,5.52,3.06,6.99,2.99,4.23
2016-03-01,3.12,3.1,4.63,7.89,6.08,7.41,4.53,6.55,7.2,4.0,4.39,4.84,4.58,4.99,4.89,6.47,5.93,5.37,4.83,3.27,6.77,5.76,4.55,3.62,4.14,2.96,4.34,2.83,3.33,3.51,4.51,3.79,4.15,4.83,4.43,3.99,4.99,3.69,3.6,3.87,3.5,2.7,4.0,3.0,3.67,3.77,5.62,5.23,6.52,4.42,3.41,3.87,6.18,4.16,5.16,4.93,3.13,5.46,4.07,6.36,6.02,4.75,5.09,4.71,4.9,6.03,2.16,1.94,6.38,3.82,4.47,4.82,4.57,5.74,5.19,2.07,3.79,5.45,2.34,6.56,3.62,3.81
2016-04-01,2.89,1.9,3.41,5.35,4.79,5.09,3.3,4.97,4.69,2.98,2.25,3.77,4.36,3.16,4.19,4.63,4.46,3.78,3.88,2.26,4.85,4.39,2.45,3.06,3.07,2.48,3.71,2.28,2.59,3.35,3.88,3.38,3.51,3.95,3.87,3.29,4.44,3.14,2.94,2.86,3.04,1.92,3.09,2.46,3.18,3.2,4.16,4.36,4.79,3.7,2.8,3.55,4.92,3.42,5.06,3.82,2.86,4.43,3.69,5.77,5.66,4.66,4.52,4.96,3.93,5.08,1.79,2.15,5.56,2.81,3.64,4.2,3.06,5.24,5.0,0.64,2.68,4.86,2.87,5.74,2.82,3.57
2016-05-01,2.61,2.12,3.28,3.24,4.49,4.5,2.97,3.91,3.48,2.22,2.07,2.82,3.05,2.86,4.3,4.45,4.99,3.17,3.01,2.71,5.38,3.52,2.12,2.9,3.06,2.29,3.66,1.86,2.27,3.02,4.11,3.05,3.15,3.65,3.53,2.86,4.0,2.86,2.69,2.42,2.92,1.83,2.78,2.13,2.89,2.94,3.6,4.02,4.86,3.5,2.52,3.01,4.11,3.34,5.27,4.93,3.25,4.41,2.63,4.69,5.65,4.02,4.43,5.09,3.09,3.6,1.8,2.3,5.09,3.22,3.16,3.69,4.35,4.57,4.04,1.22,0.47,4.49,3.48,4.57,3.4,4.23
2016-06-01,2.19,2.01,3.03,2.81,3.68,4.54,2.71,3.16,3.76,2.63,1.65,3.02,4.13,3.3,4.37,4.3,5.47,3.21,2.84,3.5,7.78,4.13,2.19,3.08,3.02,2.7,3.54,2.12,2.75,3.49,4.14,3.23,2.95,3.33,3.21,2.65,3.77,2.94,2.77,2.9,3.19,1.72,3.04,2.05,2.85,3.1,3.49,4.68,4.41,3.83,2.78,3.75,6.89,3.57,5.23,5.53,3.85,4.14,2.58,5.34,5.92,4.55,4.24,6.16,3.67,4.21,2.12,2.67,4.63,3.05,4.05,4.37,3.49,4.89,4.29,1.7,3.02,3.87,4.13,3.89,5.19,5.24
2016-07-01,1.75,2.14,2.87,2.19,3.8,3.77,3.19,3.48,3.57,2.41,2.31,2.69,3.49,2.91,4.45,2.85,5.84,2.65,1.8,6.44,5.66,3.72,2.44,2.74,2.85,3.11,3.4,1.43,2.19,3.0,4.12,3.31,2.99,3.54,2.87,2.79,4.38,3.26,2.24,2.7,2.96,1.99,3.25,1.98,2.86,3.56,2.84,4.78,4.78,3.83,2.35,4.42,6.26,2.16,3.79,3.8,3.33,3.72,1.82,5.54,5.32,3.51,3.39,5.01,3.47,3.25,1.28,2.47,4.46,3.16,3.97,4.38,3.82,4.18,3.93,1.17,3.37,4.02,4.27,3.02,5.77,3.56
2016-08-01,2.93,2.0,3.54,3.57,4.7,4.01,3.11,3.95,3.42,2.42,1.99,2.18,3.06,2.79,3.9,1.96,4.31,2.12,2.79,3.46,6.03,2.65,2.85,2.23,2.48,2.2,2.39,1.39,1.44,2.25,3.41,2.88,2.33,2.43,2.41,2.29,3.52,2.88,1.62,2.2,2.5,1.4,2.93,1.76,2.25,3.16,2.07,4.01,3.75,4.46,2.46,3.5,6.16,1.27,3.84,5.27,4.14,3.86,2.63,4.15,5.33,3.56,3.68,4.72,3.62,3.6,0.8,2.28,3.53,2.25,3.51,3.73,3.57,3.36,3.32,3.43,1.9,2.31,7.4,3.53,7.26,4.01
2016-09-01,3.81,3.17,4.79,7.47,5.29,6.13,4.83,5.07,5.33,2.58,3.37,3.07,3.2,3.93,4.54,2.93,4.62,2.41,2.79,1.53,5.82,3.14,2.29,2.4,2.53,2.52,2.54,1.95,2.09,2.9,3.62,2.87,2.36,2.18,2.93,2.61,3.73,2.68,1.55,2.0,2.41,1.35,2.89,1.38,2.25,3.09,2.65,3.58,4.3,4.25,2.95,2.24,5.66,2.28,3.18,4.0,2.95,3.34,3.09,2.71,4.89,3.9,3.53,4.56,2.28,4.08,0.84,2.02,3.36,1.56,3.07,3.09,3.77,2.77,3.42,2.92,2.63,4.05,6.28,3.28,6.14,4.21
2016-10-01,4.09,3.04,4.65,9.12,5.5,7.66,5.36,6.13,6.14,3.34,4.26,3.43,4.11,5.09,4.27,3.83,5.72,2.9,2.8,3.88,5.69,3.91,3.59,2.71,3.87,2.49,2.74,1.95,2.34,3.12,3.05,3.15,2.37,2.48,2.56,2.83,3.66,2.72,1.33,2.07,2.21,1.31,2.65,1.14,2.08,3.33,2.7,3.69,4.8,5.02,3.33,2.52,4.22,2.59,2.98,3.7,3.0,2.34,2.19,0.9,4.45,2.93,3.24,4.54,0.78,2.29,1.94,1.61,3.42,2.06,2.93,3.58,5.28,2.28,3.12,2.43,4.99,2.89,5.87,2.37,5.05,4.17
2016-11-01,3.95,2.97,4.63,9.35,6.05,7.88,5.75,6.82,6.4,3.36,5.19,4.31,4.7,5.12,4.14,4.07,5.68,3.23,3.68,5.26,7.37,4.36,3.72,2.83,4.22,2.63,3.08,2.08,3.13,3.28,2.92,3.49,2.99,2.96,2.85,3.17,3.77,2.91,1.39,2.25,2.44,1.73,2.94,1.57,2.39,3.61,2.96,4.27,4.3,5.51,3.21,2.67,3.74,2.99,3.03,3.92,3.08,2.5,1.51,2.05,4.14,3.61,3.27,4.89,3.67,2.31,2.49,1.74,3.6,2.33,3.03,3.46,2.36,2.73,2.96,3.38,3.65,3.14,6.62,3.39,3.48,3.82
2016-12-01,3.77,3.13,5.6,7.39,4.76,6.6,4.28,5.02,3.93,2.58,4.19,3.98,3.11,4.54,3.68,2.74,5.0,2.75,2.92,4.92,7.78,3.61,3.06,2.37,3.6,2.57,2.93,1.87,2.47,2.6,2.75,2.77,2.42,2.32,2.15,2.32,2.71,2.29,1.93,1.91,2.19,1.3,2.62,1.53,2.25,3.22,2.65,4.22,3.26,4.57,2.94,2.47,3.11,3.62,2.31,3.88,2.58,2.46,1.91,2.18,3.68,4.13,2.83,4.31,0.35,1.49,1.48,1.5,3.18,2.11,2.74,3.07,1.71,1.3,2.23,3.28,2.97,1.91,5.75,2.95,0.82,4.13
2017-01-01,4.67,2.79,5.57,6.08,5.05,6.05,4.65,5.6,3.85,3.32,5.45,4.94,3.15,4.36,3.9,3.1,5.33,3.35,2.99,6.74,8.62,3.79,3.1,3.13,4.07,2.7,2.88,2.22,2.91,2.78,2.51,3.61,2.92,3.25,2.81,3.04,3.08,3.01,2.97,1.9,2.21,1.77,3.5,2.27,3.16,4.27,2.41,4.44,3.14,5.36,3.87,2.88,3.22,3.61,2.32,5.39,4.25,2.67,2.61,3.16,4.14,5.48,3.35,4.17,1.63,3.26,2.02,2.54,2.95,1.93,2.95,2.45,0.94,3.2,2.89,3.28,2.77,2.02,5.51,2.7,0.72,3.47
2017-02-01,4.71,2.97,4.88,4.68,5.22,4.97,4.77,4.56,3.6,3.23,5.34,5.78,2.94,2.67,4.1,3.86,5.82,4.48,2.85,5.36,7.0,4.33,3.34,3.54,4.46,3.06,3.43,2.92,3.12,3.8,3.15,4.44,3.8,4.45,3.42,3.82,3.62,3.48,3.07,2.14,2.89,2.81,3.91,2.48,3.97,4.55,3.12,4.98,3.83,6.48,4.22,3.41,2.42,3.28,2.94,5.42,4.18,3.4,3.31,3.79,4.17,4.68,3.44,4.02,3.65,4.19,3.9,4.1,3.78,2.1,3.77,2.88,1.79,2.84,4.38,2.33,5.23,3.02,5.02,2.73,4.21,2.5
2017-03-01,4.72,3.08,3.61,3.18,4.72,3.85,3.76,3.98,2.65,2.97,5.17,5.33,4.0,2.72,3.77,3.18,6.01,3.9,2.4,5.08,7.13,3.2,2.38,3.43,4.34,3.47,3.21,2.74,3.21,3.49,3.05,4.21,3.22,3.86,2.83,3.27,3.17,3.4,2.84,1.9,3.01,2.59,3.79,2.27,3.82,4.43,3.07,5.11,3.83,5.41,4.18,2.83,1.63,3.84,2.83,5.22,4.02,4.71,3.76,3.83,4.03,4.69,3.27,4.34,3.93,4.05,4.06,3.84,3.45,2.56,3.26,2.4,1.85,2.73,4.1,3.85,5.18,2.41,4.94,3.27,5.93,3.16
2017-04-01,4.33,4.11,3.31,5.33,5.24,4.58,4.7,4.62,4.12,3.36,6.81,5.78,4.5,4.85,3.88,4.17,6.6,4.48,3.06,6.76,9.26,4.59,3.56,3.7,4.76,4.37,3.49,3.3,3.93,4.09,3.95,4.61,3.65,4.57,3.15,4.02,4.03,3.85,3.61,3.01,3.57,3.44,4.57,2.89,4.37,4.82,3.71,5.91,4.99,4.34,4.46,3.29,2.14,3.96,3.04,6.07,4.46,5.32,4.28,3.32,4.33,5.03,3.88,4.16,4.83,5.09,5.16,4.62,4.2,3.16,3.86,2.91,1.92,2.94,4.25,4.18,5.12,2.72,4.81,3.46,6.19,4.24
2017-05-01,3.98,4.24,3.98,6.23,4.37,4.2,4.29,4.96,4.01,3.96,6.69,5.83,5.63,4.24,3.86,4.39,6.25,5.33,3.97,6.34,8.36,5.24,3.87,4.0,4.97,4.58,3.74,3.68,4.11,4.28,4.14,5.07,4.21,5.24,3.45,4.5,4.46,4.1,3.83,3.23,3.93,3.84,5.26,3.12,4.91,5.1,4.07,6.04,4.72,4.7,4.47,3.99,3.53,4.36,2.26,4.63,4.38,4.9,4.8,3.32,4.36,5.23,4.23,4.09,3.5,5.1,4.87,4.57,3.97,2.55,4.13,3.45,0.64,2.87,4.4,2.7,6.77,2.63,4.78,3.89,5.66,3.35
2017-06-01,4.32,3.94,4.1,5.65,3.62,3.61,5.18,5.2,3.46,3.42,6.5,5.95,4.79,3.72,4.27,4.68,5.44,5.12,3.77,6.72,7.33,4.9,3.66,3.94,5.15,5.06,4.15,3.91,4.11,4.43,3.92,5.47,4.84,5.56,4.11,4.44,4.71,4.29,3.99,2.96,3.66,4.13,4.99,3.48,5.34,4.91,4.25,5.74,5.31,3.9,4.05,3.58,2.64,4.34,2.18,4.71,4.79,5.05,4.92,3.69,4.23,4.86,4.3,4.39,3.59,5.23,5.18,5.52,4.53,3.38,3.88,6.17,2.67,3.69,4.19,5.45,9.67,3.92,4.73,3.68,4.58,2.57
2017-07-01,3.9,3.51,4.3,4.44,3.72,3.86,3.03,4.18,2.06,3.05,5.82,5.52,4.26,2.83,3.25,3.96,4.0,4.47,3.39,4.15,5.76,3.33,2.94,3.69,4.96,3.92,3.13,4.63,3.7,4.33,3.43,3.9,4.13,4.08,3.58,3.67,3.3,3.76,3.63,2.68,3.19,3.2,4.48,2.75,4.64,4.2,3.79,5.48,5.2,3.1,3.65,2.94,1.76,4.71,2.32,3.55,4.13,5.13,4.31,2.87,4.15,3.26,4.72,3.79,3.61,4.87,5.88,5.61,4.45,2.97,3.23,5.84,3.58,4.7,3.59,5.84,11.45,3.68,4.05,3.04,3.1,2.54
2017-08-01,3.62,4.31,4.92,4.86,3.89,4.11,3.89,2.95,1.94,3.6,5.9,5.61,4.26,2.5,3.3,4.6,3.67,4.14,2.6,4.03,3.97,3.68,3.08,3.82,4.35,4.26,3.7,4.44,3.51,4.36,4.01,3.85,4.1,4.42,2.77,3.39,3.46,3.34,3.85,2.71,3.38,3.61,3.92,2.76,5.01,3.9,3.79,5.7,5.4,2.79,3.46,3.01,1.94,5.2,2.58,3.27,3.51,3.41,4.31,3.12,4.1,2.81,4.28,3.4,3.8,5.36,6.35,6.01,4.58,3.46,3.72,4.27,2.5,3.89,4.85,3.19,9.47,2.21,1.41,1.33,1.5,2.95
2017-09-01,3.15,4.14,3.59,3.91,4.16,3.85,3.44,2.49,1.13,3.82,5.22,4.99,4.03,2.32,2.96,3.32,3.54,4.09,2.55,3.83,3.46,3.86,3.29,3.69,4.87,4.15,3.67,4.0,3.5,3.98,4.13,4.06,4.02,4.48,2.64,3.62,3.51,3.64,3.67,2.68,3.37,3.71,3.8,3.02,4.97,3.98,3.7,5.95,4.91,1.91,2.86,3.9,1.81,4.57,3.3,4.63,5.03,3.59,3.94,2.94,4.1,2.79,4.31,3.61,3.42,4.61,5.65,5.54,4.07,4.08,3.63,3.49,2.37,4.41,4.53,3.07,12.01,1.6,3.21,1.24,0.57,1.73
2017-10-01,3.11,4.34,3.46,2.87,3.67,2.95,3.09,2.12,1.18,3.41,4.87,4.58,4.03,1.17,3.13,3.05,2.87,3.61,2.75,3.81,3.74,4.54,3.01,3.49,4.52,4.21,3.5,3.98,3.65,3.77,4.01,4.05,4.1,4.19,2.75,3.4,3.5,3.75,3.78,2.95,3.46,3.67,4.03,3.06,5.19,4.14,3.57,5.89,4.89,1.85,3.0,3.57,2.3,3.89,2.6,4.65,5.63,4.38,3.81,3.29,3.96,2.64,4.25,2.88,3.35,4.23,5.07,5.44,3.75,3.24,3.82,2.53,0.84,4.48,4.2,1.22,12.36,2.35,3.69,2.06,1.07,1.74
2017-11-01,3.86,4.49,3.44,2.98,3.17,2.6,2.95,1.45,0.43,3.77,3.86,4.37,3.81,1.51,2.9,3.3,2.99,3.39,2.22,3.36,3.29,3.66,2.74,3.33,4.31,3.97,3.36,3.83,2.85,3.49,3.86,3.89,3.71,3.86,2.29,3.15,3.43,3.63,3.8,3.03,3.51,3.37,3.84,2.86,4.76,4.07,3.35,5.74,4.85,2.88,2.91,3.63,2.93,2.99,2.66,4.31,5.2,4.0,3.74,1.84,3.9,2.31,3.83,2.3,0.38,3.58,4.66,5.13,3.65,2.83,3.27,2.4,2.84,4.02,4.19,0.14,9.58,1.0,2.71,1.61,0.52,1.88
2017-12-01,4.76,4.86,2.87,3.08,3.1,3.18,3.82,2.11,1.37,4.27,4.07,4.85,4.25,2.68,2.85,3.94,3.56,3.14,2.32,3.97,2.66,4.13,3.37,3.72,4.59,4.1,3.46,4.36,3.01,3.93,3.88,4.41,3.91,4.17,3.1,3.64,4.03,4.2,3.52,3.17,3.4,3.44,3.75,3.18,4.78,4.37,3.5,5.24,5.17,3.38,3.31,3.59,4.08,1.7,2.05,3.86,5.23,3.29,3.11,2.4,3.82,2.45,3.69,2.77,2.44,4.33,4.66,5.54,4.48,3.43,3.95,2.96,3.0,4.34,3.79,-0.05,9.41,1.97,1.78,1.33,1.25,2.41
2018-01-01,3.23,4.22,2.94,3.8,2.91,3.52,2.99,1.97,1.9,3.77,3.18,3.14,3.66,3.36,2.92,3.97,3.56,3.73,2.08,2.67,2.21,4.46,2.56,3.72,3.91,4.08,3.8,4.53,3.15,3.75,4.19,4.14,4.15,3.8,2.49,3.33,4.21,3.5,2.61,3.2,3.38,2.62,2.98,2.31,3.99,3.21,2.87,4.66,5.3,2.43,2.85,2.63,2.73,1.46,2.31,2.3,4.77,3.07,2.56,2.02,3.15,1.55,3.08,2.57,1.83,3.67,5.0,5.28,4.0,3.89,4.4,2.66,3.26,3.59,3.7,0.3,9.46,2.0,2.6,0.97,1.08,1.14
2018-02-01,2.55,3.81,3.21,4.68,2.48,3.19,2.46,2.01,2.13,3.52,3.53,3.19,3.55,3.95,2.77,3.64,3.04,3.19,1.99,2.67,2.5,4.31,2.11,2.52,3.91,3.91,3.64,4.71,3.59,3.46,4.09,3.82,3.62,3.42,2.49,3.26,3.94,3.08,2.57,3.01,2.79,2.18,2.9,2.49,3.4,3.19,2.65,4.52,4.94,1.88,3.1,2.68,3.53,2.0,1.88,2.2,4.66,2.94,2.32,1.53,2.79,1.93,3.27,2.62,1.22,3.05,4.66,4.86,3.38,3.8,4.11,2.21,3.6,2.2,2.87,1.73,8.69,2.33,2.22,1.33,1.57,3.0
2018-03-01,2.83,3.88,4.42,6.25,2.48,4.03,3.25,2.35,2.17,4.94,3.71,3.23,3.15,4.28,3.27,4.03,3.18,3.37,2.47,4.17,2.39,5.46,2.59,2.83,4.02,3.81,3.87,4.54,4.03,3.56,4.16,3.82,3.17,3.54,2.83,3.45,3.78,3.29,2.64,3.34,2.96,2.41,3.12,2.65,3.49,3.32,3.18,4.06,4.88,2.48,3.23,3.15,3.89,2.63,2.19,3.12,4.99,2.32,2.3,2.16,3.12,2.24,2.85,2.18,1.12,2.71,4.82,4.93,3.57,3.28,4.22,2.37,2.42,2.45,2.62,0.46,5.37,3.28,2.23,1.34,0.44,4.18
2018-04-01,2.82,3.89,4.66,5.3,3.23,4.57,3.82,2.68,2.48,5.1,3.63,3.32,2.96,3.89,3.66,4.12,3.76,3.58,2.52,2.72,2.37,4.62,2.93,2.83,4.15,3.46,4.04,4.04,3.57,3.17,3.49,3.7,3.28,3.49,2.69,3.25,3.57,3.11,2.76,2.89,2.78,2.17,2.9,2.41,3.26,3.28,3.63,3.78,4.62,3.32,3.23,3.48,4.31,2.41,1.91,2.99,4.83,2.83,2.38,3.46,2.86,2.62,2.86,2.2,2.24,3.01,4.57,4.52,3.43,2.88,4.33,2.34,2.97,2.81,2.8,0.68,2.82,3.54,2.89,2.37,2.2,3.37
2018-05-01,3.34,3.74,4.45,4.82,3.23,3.59,3.34,3.2,2.54,4.61,3.48,3.28,2.95,3.45,3.16,3.63,3.52,2.62,1.32,4.02,2.31,4.15,2.33,3.35,3.6,3.15,3.78,3.54,3.86,2.78,3.28,3.01,2.61,2.82,2.39,2.54,3.05,2.85,2.65,2.68,2.42,1.48,2.37,2.13,2.78,3.05,3.13,3.66,4.15,2.61,3.08,2.71,3.25,2.09,2.75,3.05,4.73,3.53,2.11,2.82,2.67,2.64,2.86,2.2,3.97,2.46,4.95,5.05,4.1,3.47,4.67,2.63,4.14,2.86,2.8,1.68,3.76,3.75,3.33,3.45,2.78,4.36
2018-06-01,3.05,3.78,4.65,4.72,3.41,3.35,2.63,3.25,2.54,4.4,3.35,3.31,2.39,4.43,2.94,2.8,3.77,3.06,1.35,1.78,2.98,4.3,2.59,1.88,3.62,2.57,3.25,3.45,3.11,2.5,3.33,2.77,2.59,2.57,2.37,2.82,3.12,2.69,2.96,2.72,2.87,1.48,2.25,2.16,2.83,2.9,2.72,3.61,3.81,3.43,3.48,3.0,3.03,2.12,3.0,3.22,4.67,4.6,2.23,3.01,2.72,2.55,2.63,3.02,3.46,3.61,4.29,4.52,4.18,2.79,4.72,1.07,3.75,2.61,2.68,-0.28,1.51,3.91,2.28,3.79,3.22,4.42
2018-07-01,3.77,3.53,4.65,5.62,3.49,3.53,3.69,3.34,2.54,4.41,3.15,3.16,2.04,3.34,2.81,3.31,4.3,3.11,1.38,2.76,3.66,4.67,2.63,0.98,3.98,3.3,3.7,2.7,4.15,2.14,3.44,3.32,2.48,3.02,2.35,2.62,3.03,2.83,2.8,2.59,2.76,1.68,2.16,2.3,2.82,2.78,3.43,3.3,3.78,3.76,3.85,3.11,3.81,2.11,3.03,3.92,5.4,3.95,2.67,3.69,2.11,4.15,2.87,1.87,1.88,3.77,4.05,5.06,3.59,2.9,5.43,1.27,2.5,2.46,2.75,-2.56,-2.0,1.88,2.34,4.76,4.39,5.66
2018-08-01,3.75,3.61,3.34,4.17,2.71,2.45,3.25,3.29,2.12,3.04,3.14,3.06,2.26,3.62,2.84,3.14,2.23,3.6,1.72,4.0,3.4,3.98,2.66,1.95,4.25,3.11,3.62,2.65,4.09,2.79,2.82,3.42,2.86,3.07,2.81,2.99,3.11,3.03,2.88,2.66,2.81,1.76,2.79,2.14,2.9,3.22,3.81,2.86,3.73,3.47,3.82,3.44,3.34,1.83,3.15,3.11,5.25,5.38,2.42,2.86,2.19,4.77,3.19,3.33,1.2,3.65,3.52,4.72,3.83,3.3,5.07,1.47,1.74,1.97,2.27,-0.34,0.58,3.15,3.78,5.72,4.75,4.48
2018-09-01,2.94,2.2,2.3,3.61,1.91,1.46,2.88,2.79,1.91,2.27,2.62,2.88,2.56,3.43,2.52,3.3,2.87,3.13,1.42,3.74,3.3,3.34,2.18,1.79,3.37,2.82,3.26,2.51,3.75,2.64,2.3,3.03,2.83,2.9,2.68,2.73,2.98,2.77,2.77,2.17,2.8,1.65,2.42,1.7,2.65,3.1,3.55,2.6,3.47,3.54,3.61,2.94,3.7,1.5,1.96,2.58,4.49,5.57,2.69,3.21,2.04,3.94,3.35,2.82,1.45,2.52,3.19,4.35,3.02,1.55,4.39,1.7,0.61,1.66,1.95,-0.56,-0.86,3.67,2.56,4.64,4.43,5.63
2018-10-01,2.49,2.24,2.72,4.58,2.57,2.68,2.83,3.41,2.43,2.14,2.75,3.1,2.51,4.28,2.58,3.27,3.84,2.36,1.4,4.19,3.02,2.17,2.5,2.3,3.34,2.86,3.04,2.57,2.03,3.17,2.43,3.43,3.1,3.29,2.92,3.17,3.12,2.74,3.19,2.54,3.07,1.94,2.71,2.07,2.69,3.2,3.61,2.61,3.37,3.89,3.56,3.24,4.19,1.86,2.43,2.63,3.61,5.59,3.38,4.05,3.81,3.47,3.77,3.27,1.59,6.24,3.52,4.9,3.68,2.37,4.17,2.69,2.74,2.09,2.46,1.17,-1.2,3.26,4.03,4.77,3.46,6.1
2018-11-01,1.67,3.0,2.7,3.15,2.24,1.62,2.69,3.12,2.95,2.43,2.84,3.33,2.62,3.58,2.43,2.81,2.26,3.08,1.59,3.52,2.89,3.15,3.39,2.36,3.33,3.0,3.78,2.78,4.05,3.25,2.56,3.35,3.02,3.23,2.99,3.09,3.1,3.0,3.12,2.1,2.73,2.11,2.81,2.15,2.93,3.23,3.64,2.62,3.55,2.16,3.71,3.33,3.67,2.24,2.48,3.18,3.62,5.12,3.28,2.35,2.69,3.69,3.77,4.25,3.55,7.27,3.75,5.12,3.65,2.11,4.44,3.33,2.03,2.17,1.93,2.64,2.64,4.64,4.86,5.29,5.29,7.4
2018-12-01,2.15,6.7,2.63,2.76,3.08,2.73,2.98,2.04,2.05,1.0,3.11,2.72,2.78,4.12,2.95,2.6,6.46,2.92,2.66,4.69,2.95,3.99,2.54,2.35,3.68,1.97,5.0,3.48,3.53,2.36,2.46,1.96,3.18,3.76,2.71,3.85,2.0,4.95,3.83,6.02,1.64,3.4,3.03,3.21,4.19,2.3,1.85,3.22,2.15,2.42,3.13,4.23,5.42,2.8,2.64,1.8,2.92,2.99,3.15,2.86,6.02,3.45,2.22,2.55,3.46,2.82,3.02,2.55,2.98,0.96,1.62,2.18,3.65,1.88,3.78,3.23,1.93,2.86,3.27,3.32,2.45,3.69
2019-01-01,2.02,2.71,1.86,1.53,1.61,0.5,2.41,2.36,1.83,2.31,1.83,3.08,2.5,1.58,2.3,1.79,2.24,1.73,1.29,3.53,3.1,2.72,2.66,1.65,3.4,2.47,3.0,1.97,3.95,2.36,1.7,2.19,1.84,2.34,2.29,2.17,2.22,2.53,2.53,1.73,2.49,1.98,2.81,2.0,2.41,2.73,3.72,2.85,3.36,1.59,3.07,3.01,3.92,1.67,2.43,4.26,3.06,5.64,3.83,2.97,3.17,3.45,3.5,5.49,4.45,5.96,3.43,3.46,3.35,1.73,2.94,2.62,2.83,1.45,1.24,3.37,0.59,4.23,6.16,4.88,4.51,8.19
2019-02-01,1.55,2.37,1.71,1.33,1.9,1.17,2.54,2.0,1.56,2.12,1.77,2.96,2.43,2.13,2.12,1.4,2.26,1.33,1.06,2.45,3.46,3.05,2.98,1.81,2.63,2.11,2.69,1.21,3.52,2.02,1.38,1.55,1.53,1.56,1.68,1.42,1.71,2.5,2.18,1.48,2.03,1.63,2.21,1.55,2.06,2.46,3.49,2.38,3.18,1.0,1.96,2.31,2.82,1.67,2.01,4.53,3.47,4.8,3.89,2.55,3.24,3.54,2.99,5.38,3.31,5.98,2.74,2.44,3.03,0.88,2.2,2.6,2.0,1.37,0.6,2.83,3.25,3.61,7.09,3.52,1.4,7.03
2019-03-01,1.74,2.01,1.5,0.78,2.0,0.87,2.46,2.01,1.39,1.11,1.3,3.01,2.46,1.83,1.71,1.21,1.65,1.57,1.06,2.44,2.39,2.76,3.31,1.56,2.7,2.01,2.51,1.69,2.85,2.12,1.31,1.98,2.17,1.72,1.79,1.71,2.19,2.61,2.2,1.54,1.95,1.69,2.46,1.57,2.18,2.55,3.0,2.69,3.1,0.97,2.05,2.3,3.0,0.69,2.33,3.67,2.65,4.47,3.47,1.68,3.19,2.97,3.01,4.74,2.46,5.59,2.58,2.3,3.3,2.0,2.39,2.44,3.04,1.4,0.96,3.87,2.48,2.95,7.11,2.33,1.61,5.1
2019-04-01,2.46,2.47,2.61,2.6,2.47,2.19,2.05,2.45,1.78,2.01,1.6,3.37,2.73,2.24,1.98,1.29,1.93,2.27,1.69,4.77,2.12,3.28,2.73,2.19,3.01,2.45,2.67,2.04,3.58,2.78,1.62,2.36,2.32,1.92,2.51,2.17,2.67,2.98,2.25,1.65,2.35,1.91,2.76,1.55,2.38,2.81,3.04,3.13,3.61,1.63,2.24,2.38,2.88,1.03,2.91,3.73,2.8,4.5,3.5,1.53,4.11,2.93,2.77,5.06,0.07,5.55,2.52,2.52,3.56,2.38,2.57,3.08,3.47,1.6,0.89,4.26,5.04,2.66,6.14,1.69,1.48,4.88
2019-05-01,3.24,3.24,2.78,3.36,3.17,4.45,2.89,2.86,2.98,3.09,2.19,3.5,4.22,2.74,2.2,2.1,2.74,3.16,2.53,4.66,4.97,4.23,3.12,3.14,3.57,2.92,3.31,2.25,4.09,3.56,1.9,2.64,2.81,2.0,2.75,2.63,2.74,3.33,2.65,1.99,2.75,2.14,2.81,2.1,2.88,2.82,3.49,3.26,4.02,2.25,2.5,3.39,4.49,1.39,2.42,3.93,3.48,4.82,3.8,2.16,4.89,3.34,2.81,5.33,2.11,6.29,3.03,2.51,3.97,3.12,2.93,3.93,2.3,2.51,1.25,4.54,6.09,2.87,7.41,2.53,0.19,5.23
2019-06-01,4.38,2.77,1.97,5.39,3.99,6.19,4.33,3.55,4.09,3.9,3.51,3.49,4.96,2.34,2.11,2.41,2.69,2.81,2.49,1.71,4.12,3.15,2.91,3.07,3.83,2.84,2.93,1.71,4.28,3.99,1.6,2.63,2.37,2.29,2.35,2.6,2.58,3.11,1.74,1.85,1.99,1.78,2.39,1.85,2.36,2.65,3.81,2.91,3.99,2.11,2.15,3.26,3.85,1.73,1.3,3.13,2.56,3.11,2.76,3.2,4.17,3.0,2.49,3.1,5.1,5.32,2.5,1.85,3.08,3.53,2.35,4.49,0.83,2.65,0.54,4.01,4.99,1.64,7.07,1.38,-0.14,4.03
2019-07-01,3.87,2.44,1.84,6.71,3.93,6.68,3.84,3.82,4.48,3.99,4.04,3.48,4.99,3.61,2.52,2.58,2.37,3.58,2.98,3.32,3.34,3.53,0.96,2.9,3.48,2.57,3.32,1.75,4.04,4.01,1.65,2.67,2.76,2.63,2.65,2.88,3.07,2.59,2.07,2.22,1.85,2.13,2.37,1.73,2.37,2.73,3.51,3.32,3.84,2.73,2.27,2.61,2.48,1.24,1.76,2.58,1.83,2.9,2.47,3.3,4.21,1.86,2.25,3.89,4.53,4.4,1.91,0.8,2.6,1.99,1.48,3.55,0.8,3.18,0.5,5.5,2.74,2.71,5.87,0.53,2.0,3.55
2019-08-01,3.28,1.55,0.21,4.2,2.47,2.08,3.74,1.75,3.11,3.32,4.34,4.79,4.58,6.96,1.36,3.62,3.36,3.65,1.99,2.13,4.31,3.48,6.49,2.32,2.45,2.88,3.15,4.46,3.45,2.41,2.67,4.22,5.16,4.04,3.45,3.27,3.35,1.2,4.86,3.75,2.22,2.33,2.15,3.09,3.65,2.69,1.35,3.95,1.52,1.93,3.14,2.94,3.2,2.03,2.51,2.53,2.43,2.0,2.62,1.46,3.96,6.63,0.11,1.31,2.34,4.14,3.97,3.26,2.6,4.82,2.44,3.84,0.98,3.86,4.18,3.6,3.88,2.3,2.01,2.33,2.49,2.36
2019-09-01,5.21,2.22,1.89,4.02,2.47,4.81,3.01,3.52,3.6,4.7,4.19,3.72,4.35,2.97,2.78,2.42,3.4,3.68,3.07,4.09,4.35,2.84,2.71,3.37,3.75,2.74,3.93,2.36,4.59,3.83,1.96,2.8,2.92,3.51,3.01,3.2,2.94,2.99,2.17,2.8,2.0,1.52,2.81,2.55,2.42,2.43,3.66,3.6,3.62,2.99,2.44,2.17,2.19,0.84,2.23,3.44,1.41,2.31,2.24,0.98,4.29,1.94,1.56,2.46,3.63,5.71,2.65,2.06,3.87,2.76,2.46,4.31,2.08,2.72,0.76,5.57,5.0,2.64,6.18,1.59,0.07,2.56
2019-10-01,5.58,1.96,1.92,2.37,1.67,2.97,3.27,2.35,2.68,4.12,3.67,3.65,3.63,2.19,2.54,2.42,3.59,3.56,2.75,2.14,4.68,2.42,3.55,3.24,3.67,2.58,3.28,2.26,4.34,3.4,1.83,2.3,2.48,3.31,3.02,2.85,2.72,3.04,1.97,2.62,2.0,1.67,2.45,2.48,2.31,2.19,3.86,3.48,3.61,2.89,2.7,2.29,1.95,1.19,2.36,3.9,1.61,2.37,2.68,1.58,4.3,1.93,1.2,2.12,4.81,3.16,2.81,1.83,3.61,2.58,2.68,3.53,1.59,2.27,0.89,5.39,4.28,2.52,5.98,1.38,0.4,1.83
2019-11-01,4.97,0.93,1.65,2.16,1.58,2.83,2.7,1.81,1.74,3.14,2.97,3.53,2.56,1.87,2.64,2.2,3.11,3.36,2.84,2.85,3.83,1.89,2.07,3.25,3.52,2.53,3.05,2.14,4.51,3.33,1.64,2.14,2.3,3.26,3.03,2.84,2.66,2.88,1.98,2.58,2.18,1.65,2.09,2.44,2.13,2.26,3.83,3.66,3.3,3.01,2.34,2.09,2.26,1.34,1.76,3.54,1.53,2.8,3.14,2.79,4.28,2.06,1.59,1.98,6.32,2.58,2.48,1.84,3.34,3.54,2.55,2.87,2.05,1.43,1.2,3.63,2.72,2.68,5.47,0.19,-0.42,1.55
2019-12-01,4.28,1.38,1.2,2.58,1.54,2.43,2.15,1.72,1.31,2.4,2.56,3.23,2.61,1.27,2.06,2.1,2.91,3.53,2.97,3.19,2.31,1.97,2.4,2.87,3.02,2.33,2.78,2.0,4.28,3.29,1.72,2.19,2.28,3.02,2.94,2.93,2.56,2.77,2.04,2.32,2.04,1.83,1.93,1.99,2.2,2.21,3.31,3.54,3.06,2.42,2.37,1.76,2.27,1.84,0.5,2.64,1.08,2.02,2.7,2.15,4.15,1.88,1.49,1.47,3.52,2.3,2.25,1.64,2.43,2.45,1.91,3.22,1.35,1.28,1.43,2.06,2.34,2.02,4.76,1.01,-0.65,0.6
2020-01-01,5.91,1.69,0.6799999999999999,2.2700000000000005,1.8199999999999998,3.29,2.5999999999999996,1.9700000000000002,2.67,3.1900000000000004,3.56,2.94,1.63,2.48,2.47,2.68,3.1999999999999997,3.43,3.17,2.39,1.78,1.39,2.93,2.97,2.7800000000000002,2.7499999999999996,1.94,4.0,3.4899999999999998,2.0,1.8599999999999999,1.7399999999999998,3.1,2.45,2.6100000000000003,2.25,2.65,1.77,2.4099999999999997,2.17,2.2,1.95,2.12,2.27,1.96,3.7,3.4499999999999997,3.2399999999999998,2.78,2.23,2.1,1.8900000000000001,1.7,2.8800000000000003,1.56,2.8000000000000003,2.7800000000000002,3.8500000000000005,1.1399999999999997,0.8099999999999998,5.65,1.7399999999999998,2.4299999999999997,2.3200000000000003,2.4600000000000004,0.18000000000000005,1.29,1.18,3.0500000000000003,3.15,2.01,3.81,-1.04,-1.48,-0.10000000000000006,0.31,0.68,0.34,-0.77,-0.35,0.42,0.17
2020-02-01,5.23,2.76,2.46,3.44,2.67,1.86,2.54,2.21,2.76,3.05,1.93,2.6,3.56,3.58,3.12,2.63,2.59,3.86,3.66,1.9,1.34,1.46,1.5,3.02,4.31,3.01,3.37,1.76,3.78,4.15,1.82,2.31,2.95,2.89,2.43,4.04,3.57,3.08,2.99,2.16,3.09,2.5,1.76,2.55,2.25,2.67,2.89,4.03,3.05,3.83,3.5,1.59,2.52,2.65,1.8,2.96,1.23,2.8,2.12,3.87,2.99,1.75,2.34,-0.18,3.5,2.17,3.46,2.48,2.86,3.11,2.23,1.36,0.25,3.05,2.79,3.15,0.69,2.67,4.09,2.28,3.14,1.19
2020-03-01,5.49,3.72,3.36,2.52,2.43,1.66,2.92,2.01,2.76,2.84,1.83,2.55,2.43,2.64,3.2,2.63,2.42,3.13,3.96,1.59,1.94,1.06,1.4,3.22,4.25,3.28,3.51,1.98,4.18,4.31,2.16,2.15,2.81,2.66,2.24,3.64,3.54,2.95,3.22,2.41,3.29,2.59,1.13,2.61,2.3,2.36,2.79,3.99,3.26,3.69,2.95,1.33,2.67,2.07,1.7,2.76,1.47,2.58,2.03,3.91,2.51,1.88,2.42,-0.02,2.93,2.24,3.56,2.76,2.45,2.74,2.06,1.18,0.37,2.67,3.56,1.34,3.31,2.09,2.16,2.42,1.59,0.94
2020-04-01,4.94,3.15,2.27,1.21,1.08,0.69,2.62,1.32,2.48,2.63,1.1,1.94,1.51,1.41,2.54,1.87,1.97,2.5,3.47,0.16,0.45,1.01,0.94,3.1,3.8,3.0,3.3,1.82,4.29,3.88,2.07,2.05,2.59,2.38,1.69,3.23,3.46,2.34,2.62,2.45,3.01,2.44,0.83,2.72,1.82,1.84,2.88,3.83,2.87,2.7,2.53,0.76,2.41,1.85,1.18,2.53,1.27,1.68,1.67,3.11,1.22,1.76,2.1,-0.09,2.68,1.71,3.54,2.49,2.55,2.4,1.9,0.44,0.9,2.07,3.33,1.59,2.6,2.05,2.88,2.11,0.7,0.95
2020-05-01,4.13,2.07,1.58,0.64,0.78,0.54,3.07,1.16,2.21,2.44,1.31,1.89,0.55,1.15,2.19,1.46,1.57,1.5,2.81,1.05,-0.45,0.55,0.16,2.61,3.56,2.34,2.5,1.47,3.26,2.87,1.65,2.3,2.48,2.17,1.37,3.03,2.9,2.09,1.93,2.28,2.47,2.1,0.78,2.16,1.42,1.93,2.58,3.5,2.43,1.95,2.05,0.06,1.35,1.24,0.92,2.36,0.42,1.35,1.44,2.39,0.84,1.35,1.68,-0.99,1.44,1.12,2.65,1.99,2.46,1.66,1.9,-0.49,0.73,0.31,2.4,0.57,1.23,2.01,1.32,1.22,1.84,-0.08
2020-06-01,2.13,1.31,1.08,-0.45,0.01,-0.15,1.38,0.06,1.12,2.99,1.01,1.03,-0.22,0.55,1.75,1.37,0.87,1.29,2.52,1.83,-0.69,0.33,-0.32,2.18,2.74,2.02,2.59,1.76,3.45,2.22,1.44,2.04,2.55,1.65,1.4,2.84,2.43,1.95,2.35,2.29,2.17,2.22,1.31,2.06,1.57,2.13,2.42,3.47,2.1,2.41,2.14,-0.36,0.5,0.67,1.28,2.22,0.93,1.97,1.83,2.85,0.87,1.16,1.8,-0.73,1.37,0.98,2.5,1.63,2.48,1.32,1.16,-0.3,0.4,0.63,3.03,0.54,1.54,1.08,1.39,1.56,1.94,0.13
2020-07-01,1.75,1.16,0.47,-1.79,-1.21,-0.72,1.18,-0.56,0.27,1.4,0.63,0.14,-1.34,-0.14,0.98,0.93,0.42,1.19,2.36,0.88,-0.57,-0.32,-0.38,1.91,2.48,1.71,1.89,1.51,2.79,1.72,1.29,1.72,2.04,1.37,1.07,2.46,1.44,1.83,1.83,1.79,1.82,1.46,1.21,1.89,1.22,1.51,1.98,2.64,1.72,1.94,0.92,-0.35,0.98,1.18,0.52,1.94,0.44,2.24,1.93,2.3,0.71,0.41,1.11,0.2,0.36,1.65,2.49,2.01,1.81,1.86,1.14,-0.11,0.25,0.86,2.9,0.89,1.9,0.39,0.62,1.58,1.4,1.12
2020-08-01,2.6,1.62,1.03,-1.14,-0.51,-0.47,1.05,-0.3,-0.15,1.72,0.85,0.25,-0.92,0.55,0.72,1.09,0.7,1.53,2.0,0.52,-1.22,-0.35,-0.03,1.76,1.58,1.26,1.26,1.05,2.42,1.26,0.87,1.22,1.52,0.98,1.09,1.3,1.54,1.64,1.37,1.6,1.72,1.39,1.12,1.38,1.08,1.42,1.4,2.21,1.55,1.22,0.38,0.08,0.99,3.22,-0.16,2.1,0.21,1.77,1.57,2.11,1.02,0.32,0.83,1.36,-0.84,1.7,1.91,1.08,1.4,0.94,1.2,1.59,2.86,0.35,2.4,1.59,0.99,0.49,0.43,1.38,0.34,0.89
2020-09-01,2.3,1.9,1.67,0.03,0.65,0.18,1.94,0.1,0.62,1.71,1.1,1.08,0.06,1.11,0.98,1.41,0.45,1.24,2.25,0.67,-0.94,0.12,-0.03,1.76,1.82,1.39,1.45,1.13,2.33,1.32,1.31,1.75,1.8,1.14,1.46,1.39,2.0,1.66,1.75,1.51,1.88,2.0,1.22,1.3,1.44,1.23,1.44,2.6,1.86,1.91,0.8,0.75,1.15,2.6,0.29,1.91,0.45,1.87,1.18,2.47,0.87,0.13,1.0,2.38,-0.99,1.78,1.93,1.05,1.7,1.83,1.07,1.24,2.08,0.21,2.77,1.47,0.85,0.76,0.74,0.21,1.47,1.38
2020-10-01,2.46,2.44,2.14,1.14,1.21,0.55,1.77,0.85,1.24,2.68,1.49,1.55,1.12,1.83,1.2,1.62,0.55,1.53,2.23,1.06,-0.97,0.41,0.77,1.58,1.86,1.39,1.64,1.03,2.35,1.45,1.61,1.77,1.82,1.11,1.36,1.56,2.08,1.51,1.85,1.62,1.58,1.81,1.22,1.43,1.51,1.34,1.3,2.77,2.03,1.48,0.49,0.55,1.13,3.07,0.24,1.74,1.1,1.67,0.7,1.95,0.96,0.4,0.76,2.44,-1.19,2.4,1.91,1.64,1.42,1.94,1.23,1.2,1.18,0.35,2.21,0.74,0.94,1.2,-1.59,0.17,1.45,0.61
2020-11-01,2.6,2.84,2.65,1.59,1.66,1.3,2.18,1.65,1.72,3.06,1.77,2.04,2.16,2.67,1.27,1.91,1.15,1.65,2.4,1.9,-0.07,0.69,1.51,1.66,2.02,1.52,1.76,1.18,2.44,1.67,1.82,1.93,1.98,1.09,1.44,1.54,2.26,1.35,2.2,1.64,2.16,2.07,1.43,1.58,1.83,1.41,1.16,2.62,1.96,1.5,0.72,0.43,0.8,2.7,0.23,2.03,2.09,1.85,0.83,1.64,1.38,0.7,0.81,2.03,-0.81,2.25,1.98,1.7,1.66,1.31,1.08,1.3,0.96,0.49,2.21,0.55,2.44,1.66,-0.62,2.26,1.06,0.22
2020-12-01,4.24,3.46,3.55,2.42,2.78,1.76,3.27,2.12,2.02,3.3,2.24,2.88,2.32,3.09,1.5,1.97,0.89,1.93,2.53,2.11,0.52,1.12,1.66,1.59,2.18,1.84,1.75,1.16,2.81,1.78,1.61,1.71,1.9,1.24,1.38,1.49,2.36,1.4,2.08,1.74,2.37,1.93,1.42,1.88,1.86,1.33,1.18,2.62,1.91,2.48,0.55,0.58,0.64,2.24,0.29,2.11,2.72,1.62,0.71,2.05,1.67,0.65,0.86,1.15,-0.18,1.81,2.3,1.89,2.13,1.61,1.21,1.37,1.25,0.81,1.78,0.09,2.06,2.13,-0.89,1.17,1.06,0.75
2021-01-01,3.61,3.47,4.29,2.97,3.3,1.55,3.34,1.57,2.08,3.18,2.31,2.74,2.08,2.95,1.31,1.9,1.14,1.86,1.9,2.69,0.59,1.65,1.87,1.48,1.58,1.68,1.48,1.14,2.62,1.31,1.69,2.01,1.94,1.52,1.93,1.58,1.83,1.68,1.94,1.41,1.58,1.57,1.07,1.76,2.12,1.18,1.14,2.36,1.73,2.75,0.76,0.88,0.26,1.01,0.38,1.35,1.99,1.44,0.85,1.66,1.18,0.41,0.73,0.38,0.49,2.32,2.15,1.52,1.78,0.92,1.34,1.4,1.73,1.4,3.27,-0.53,1.34,1.27,-0.7,1.95,0.55,0.15
2021-02-01,2.73,2.33,3.06,1.57,2.73,1.09,3.06,1.44,1.5,2.75,1.6,2.15,1.24,1.7,0.97,1.41,1.2,1.54,2.0,4.23,0.94,1.2,1.46,1.39,1.58,1.48,1.2,1.04,2.47,1.26,1.39,1.64,1.5,1.33,1.77,1.31,1.69,1.41,1.54,1.4,1.43,1.26,0.77,1.41,1.81,1.15,1.19,2.15,1.75,2.27,0.16,1.28,0.19,2.13,0.25,0.81,1.64,0.87,0.55,1.07,1.8,0.25,0.47,0.62,0.57,1.93,1.78,1.81,1.62,1.2,1.42,1.77,2.16,1.3,3.58,-1.16,1.56,0.81,-1.96,1.31,0.09,0.48
2021-03-01,1.62,1.26,2.31,2.08,2.61,1.25,1.93,1.79,1.75,2.72,1.74,2.16,2.17,2.7,1.11,1.31,1.45,1.8,1.4,4.17,0.89,1.57,1.44,1.11,1.6,1.37,1.11,0.82,1.97,0.95,1.01,1.61,1.51,1.37,1.93,1.37,1.68,1.43,1.66,1.43,1.47,1.3,1.26,1.56,1.81,1.23,1.21,2.33,1.65,2.94,0.52,1.93,0.3,2.77,0.56,0.89,1.31,1.17,0.94,1.39,2.12,0.57,0.87,0.89,1.65,2.51,1.74,1.7,2.18,1.41,1.5,2.1,1.1,2.03,3.31,-0.07,2.33,1.37,0.25,2.15,2.51,1.85
2021-04-01,2.39,1.87,3.04,3.12,3.07,1.58,2.51,2.22,1.88,2.67,2.19,2.6,2.2,3.03,1.57,2.08,1.91,1.78,1.48,4.35,2.13,1.66,1.31,0.91,1.86,1.61,1.13,1.13,1.84,1.26,1.26,1.61,1.63,1.38,1.98,1.44,1.5,1.68,1.89,1.21,1.85,1.54,1.48,1.59,2.06,1.49,1.1,2.35,1.61,3.16,1.3,2.01,0.67,2.86,1.28,1.06,1.63,1.95,0.98,1.61,2.17,0.57,1.41,1.42,2.84,2.42,1.79,2.28,1.94,2.49,1.57,2.37,1.02,2.47,2.84,0.21,2.54,1.5,-0.18,2.07,1.9,0.27
2021-05-01,2.73,1.73,3.18,2.63,2.78,1.4,2.05,1.74,1.75,2.04,1.71,2.3,1.91,3.14,1.41,2.02,1.61,2.17,2.49,3.65,1.85,1.76,1.33,1.35,2.26,1.68,1.79,1.56,2.17,2.09,1.34,1.57,1.63,1.49,2.24,1.51,1.85,1.53,2.03,1.46,2.25,1.87,1.35,1.65,2.1,1.61,1.28,2.29,1.93,2.87,0.81,2.43,1.86,2.7,1.88,0.49,1.36,1.98,1.21,1.82,3.04,0.51,1.49,2.92,2.54,2.96,1.91,2.42,1.65,3.22,2.08,3.23,1.97,3.11,4.16,0.78,1.99,1.05,1.48,2.98,1.29,0.0
2021-06-01,2.86,1.87,3.18,2.82,3.14,1.52,1.8,1.75,1.62,0.59,1.66,2.2,1.27,2.58,1.21,1.63,1.89,2.34,2.29,3.75,1.87,1.55,1.22,1.01,1.81,1.39,1.28,0.93,1.35,1.69,1.14,1.03,1.02,1.32,1.72,1.21,1.07,1.5,1.62,1.1,1.81,1.51,0.99,1.32,1.68,1.16,0.92,2.05,1.7,2.01,0.36,1.96,1.76,2.68,1.04,0.98,2.19,1.88,0.95,1.76,2.22,0.7,1.6,1.73,2.41,1.73,1.84,2.37,1.33,2.52,1.97,2.16,1.5,2.81,3.95,1.19,1.55,1.18,1.99,3.65,1.36,-0.53
2021-07-01,3.16,2.07,3.47,3.78,3.9,2.04,2.24,1.76,1.99,1.24,2.19,2.69,1.82,2.42,1.43,1.7,2.0,2.14,2.44,3.71,1.48,2.18,1.23,1.02,1.89,1.55,1.62,1.07,1.55,1.83,1.09,1.27,1.31,1.3,1.98,1.35,1.19,1.69,1.57,1.32,2.37,1.49,1.03,1.32,1.84,1.78,0.99,2.3,1.65,2.08,0.76,1.92,1.57,2.59,1.55,1.12,2.88,1.61,1.29,1.96,2.69,0.98,1.23,1.47,3.0,1.68,1.9,1.89,1.94,2.6,2.4,2.62,1.68,3.1,3.64,1.2,3.07,2.71,2.5,4.59,1.89,-1.06
2021-08-01,2.23,1.88,2.94,3.84,3.63,1.9,2.41,1.56,1.9,0.83,2.04,2.47,1.56,1.93,1.75,1.6,1.94,1.18,2.1,4.69,1.83,1.71,0.79,1.21,2.14,1.75,1.81,1.39,1.81,1.96,1.39,1.41,1.57,1.41,1.96,1.35,0.94,1.78,1.72,1.26,2.18,1.39,1.12,1.44,2.01,2.08,1.26,2.26,1.85,2.45,0.99,1.76,1.72,0.96,1.91,1.36,3.36,1.87,1.71,2.41,2.24,1.04,1.19,0.74,2.0,2.11,1.75,1.81,1.69,2.64,2.45,3.04,1.41,2.91,3.59,0.65,3.76,1.55,1.26,3.84,1.52,-1.15
2021-09-01,1.48,2.07,2.53,3.87,3.64,2.26,2.58,1.65,2.45,1.46,2.22,2.6,1.42,2.11,1.84,1.79,2.03,1.52,1.89,4.88,2.4,2.17,1.31,1.14,1.92,1.72,1.72,1.59,1.72,1.88,1.18,1.32,1.47,1.45,1.88,1.14,1.02,1.58,1.63,1.27,2.18,1.14,1.15,1.65,1.93,2.13,1.26,1.91,1.7,1.72,1.35,1.98,1.58,1.27,1.69,1.68,3.81,2.24,2.12,2.69,2.53,1.71,1.66,-0.03,2.06,2.21,1.57,2.06,1.5,2.13,2.5,3.02,1.47,2.04,3.14,0.98,3.62,2.2,1.27,3.47,0.54,-1.41
2021-10-01,1.79,1.82,2.13,2.91,2.81,1.75,2.1,1.41,2.11,1.32,1.92,2.62,1.6,1.99,1.75,1.73,1.99,1.36,2.16,3.96,2.76,2.37,1.1,1.2,1.87,1.74,1.7,1.66,1.76,1.88,1.07,1.43,1.76,1.43,2.02,1.19,1.25,1.74,1.66,1.22,2.27,1.37,1.4,1.63,1.9,2.36,1.25,1.85,1.72,2.02,1.37,2.06,1.34,0.71,1.3,1.5,3.16,4.31,2.32,2.75,2.7,1.93,1.9,0.94,2.4,1.84,1.54,1.45,1.7,2.2,2.34,2.8,1.72,2.47,3.41,1.82,3.14,2.58,4.13,4.15,1.65,0.69
2021-11-01,2.29,2.51,2.66,3.03,2.75,1.91,2.15,1.6,2.13,1.14,2.0,2.61,1.77,1.91,2.0,1.67,2.17,1.82,2.25,4.38,3.03,2.93,1.43,1.34,1.81,1.96,1.59,1.75,1.8,1.84,0.97,1.41,1.76,1.51,2.18,1.39,1.43,2.06,1.53,1.29,2.1,1.17,1.35,1.45,1.71,2.55,1.29,1.91,1.75,1.76,1.88,2.07,1.35,0.91,1.67,1.12,2.63,4.11,2.05,2.41,2.57,1.8,1.63,2.06,2.16,1.99,1.9,1.38,1.91,2.98,2.57,3.22,2.13,1.86,3.66,3.16,1.82,2.04,3.68,3.11,0.81,0.82
2021-12-01,2.07,2.41,1.97,1.86,2.12,1.7,1.49,1.37,1.69,1.09,1.55,1.66,1.65,1.67,1.84,1.63,2.42,2.13,2.74,4.01,3.6,2.45,0.86,1.53,1.93,1.71,1.65,1.81,1.61,1.81,1.17,1.88,2.18,1.59,2.58,1.49,1.53,2.29,2.09,1.59,2.57,1.64,1.75,1.76,2.0,2.71,1.81,2.19,2.23,2.39,2.01,2.28,1.57,0.55,1.86,1.16,2.55,4.62,2.58,2.43,2.54,2.28,2.05,2.83,2.65,2.14,2.16,2.26,2.26,4.09,2.96,3.05,1.05,2.59,4.39,4.05,3.45,2.38,3.39,3.49,1.68,1.7
2022-01-01,2.19,2.65,2.3,2.66,1.94,2.36,2.02,2.3,2.35,2.17,1.8,1.94,2.55,2.12,2.36,2.16,2.57,1.71,2.76,3.51,3.65,2.51,0.67,1.85,2.28,2.05,2.0,2.29,1.81,2.17,1.37,2.28,2.51,2.1,2.31,1.66,2.42,2.34,2.3,1.8,2.76,1.91,2.22,1.94,1.84,2.79,1.95,2.87,2.75,2.08,2.34,2.08,2.33,2.45,2.31,2.04,3.26,5.12,3.13,2.85,3.85,3.1,2.74,3.97,2.23,3.01,2.61,2.61,2.5,5.03,3.06,3.6,3.15,1.73,4.16,4.38,3.69,2.67,4.01,4.08,2.66,2.09
2022-02-01,2.27,2.88,2.0,3.15,2.6,2.41,2.69,2.83,2.37,1.47,2.58,1.93,2.63,1.73,2.43,2.22,2.32,1.17,2.26,1.07,3.44,2.63,1.36,1.62,2.17,2.09,2.06,2.38,1.89,2.26,1.84,2.23,2.38,1.95,2.37,1.41,2.37,2.25,2.24,1.56,2.58,2.05,2.41,1.71,1.79,2.53,1.8,2.26,2.85,1.0,2.18,1.71,2.22,1.05,2.59,2.23,3.15,5.11,2.78,2.75,2.74,2.29,2.42,3.97,1.36,2.31,2.09,2.22,2.1,4.69,2.92,3.62,2.76,1.13,2.89,4.36,2.6,0.99,2.74,3.27,2.55,0.57
2022-03-01,3.56,3.96,2.96,4.42,3.62,3.14,4.42,3.24,3.26,2.74,3.37,2.64,3.4,2.76,2.97,2.93,2.83,2.31,3.47,2.56,4.7,3.39,2.15,2.0,3.1,2.58,2.76,2.96,2.38,3.08,2.96,3.41,3.16,2.7,3.16,1.99,3.31,2.95,2.87,2.19,3.57,2.33,2.98,2.26,2.38,3.16,2.81,3.13,3.87,1.46,2.56,2.46,2.63,1.92,3.06,2.72,3.88,6.1,3.3,3.19,3.69,3.24,2.58,4.71,1.59,3.23,3.12,3.45,2.15,5.16,3.39,3.14,4.77,1.78,3.22,4.46,2.12,1.25,3.16,2.74,3.57,0.39
2022-04-01,4.27,4.68,3.81,4.45,3.98,3.54,4.6,3.9,4.2,2.91,3.86,3.16,4.97,4.7,3.61,3.49,4.22,3.32,4.89,5.22,6.29,4.39,3.39,2.63,3.56,3.07,3.72,3.37,3.23,4.15,3.96,5.1,4.82,4.07,4.65,2.82,4.16,4.12,4.26,3.25,4.0,3.18,4.35,3.27,3.31,4.06,3.65,4.09,4.49,2.52,3.14,3.84,3.73,2.43,3.62,3.71,5.05,6.65,4.36,3.96,5.19,4.59,3.39,4.71,2.19,4.61,3.33,3.88,3.19,4.95,4.17,4.78,5.1,2.66,4.17,5.04,3.36,1.82,4.56,3.59,4.38,4.09
2022-05-01,4.75,5.46,4.68,5.65,4.53,4.08,5.08,5.14,5.55,3.88,4.65,4.04,5.7,5.1,4.47,4.15,4.65,3.82,4.9,7.02,6.94,4.94,4.41,2.27,3.71,3.23,3.68,3.45,3.27,3.75,4.64,5.46,5.28,4.25,5.34,3.19,4.97,4.83,4.68,3.48,4.71,3.13,4.74,3.65,3.86,4.23,3.47,4.16,4.99,3.62,4.51,4.29,3.36,3.53,3.01,4.54,6.04,7.23,4.86,4.86,4.75,4.87,3.82,4.25,2.68,3.7,3.11,4.34,3.05,6.0,3.56,5.03,4.7,2.73,3.49,4.96,4.51,1.65,4.27,3.36,4.26,5.44
2022-06-01,6.21,6.31,5.23,6.5,5.71,5.49,6.71,6.53,7.18,5.03,6.73,5.65,7.63,6.94,5.42,5.12,4.95,4.89,5.95,6.61,6.46,5.98,5.27,2.88,4.66,3.95,4.55,4.13,4.12,4.59,5.12,6.47,6.11,5.03,6.51,4.3,6.01,5.33,5.53,4.42,5.79,4.03,5.3,4.6,4.76,4.89,4.31,5.1,5.85,6.45,5.64,5.52,4.85,3.84,4.46,3.76,4.52,7.6,5.69,5.37,5.92,4.93,3.97,4.66,3.49,4.9,3.62,5.34,3.67,6.15,4.03,4.1,6.26,4.35,3.84,4.17,4.52,2.2,3.98,2.61,3.77,6.78
2022-07-01,7.18,7.5,5.8,6.97,5.78,5.46,7.15,8.07,7.47,6.09,7.34,6.01,8.55,8.55,6.29,5.96,6.03,5.52,6.29,7.57,7.88,6.15,5.59,3.5,5.16,4.3,4.98,4.49,4.57,5.37,5.64,6.78,6.43,5.54,6.63,4.87,6.56,5.7,6.29,4.88,6.44,4.69,5.99,4.97,5.3,5.28,4.51,5.49,6.35,6.77,6.72,6.76,5.97,5.42,5.43,4.05,4.68,7.85,6.16,5.29,6.05,5.73,4.52,5.2,3.95,6.03,4.16,6.02,4.9,6.47,4.04,5.72,6.81,4.58,5.23,5.85,5.05,3.49,5.21,2.36,4.34,7.24
2022-08-01,6.86,6.87,4.99,6.91,5.01,5.3,6.56,7.14,6.78,4.88,6.07,5.18,7.2,7.77,5.43,5.65,5.61,5.72,5.58,5.51,6.87,6.09,5.36,3.3,4.6,4.29,4.63,4.37,4.43,5.3,5.39,6.13,5.84,5.06,6.47,4.46,6.05,5.52,5.75,4.38,5.41,4.77,5.94,4.23,4.7,5.17,4.23,5.08,6.02,5.25,6.56,6.18,4.81,5.31,5.11,4.13,3.92,7.5,6.61,4.36,5.73,5.53,4.52,5.02,3.85,5.78,3.72,5.57,4.95,6.56,4.37,5.45,5.93,4.19,4.77,6.83,3.99,3.86,5.13,2.59,4.49,7.4
2022-09-01,8.02,7.85,6.1,6.92,6.26,6.01,7.57,8.54,8.2,5.39,7.53,6.71,8.51,8.04,6.72,6.5,6.71,7.07,6.76,5.52,7.33,6.87,6.12,4.61,5.94,5.79,5.73,5.6,6.0,6.68,6.66,7.45,7.2,6.83,7.84,5.8,7.18,6.81,7.3,5.46,6.54,6.29,7.08,5.4,6.14,6.91,5.4,6.8,7.53,6.09,6.96,7.03,6.14,5.95,7.45,5.43,5.2,8.85,7.69,5.09,7.42,6.26,5.26,6.18,5.24,6.34,5.0,6.62,6.25,8.14,6.32,5.65,6.79,5.65,6.72,7.02,4.97,4.52,5.12,4.93,5.36,8.62
2022-10-01,7.56,6.92,5.66,5.64,6.07,5.56,6.85,7.92,7.49,4.26,6.44,5.6,6.45,7.17,6.55,5.98,6.58,6.46,6.21,4.92,6.98,6.49,5.59,4.47,5.96,5.7,5.79,5.41,5.75,6.24,6.57,7.21,6.84,6.69,7.53,5.35,6.63,6.67,7.23,5.55,6.36,5.87,6.76,5.43,6.02,6.77,5.17,6.34,7.54,5.83,7.17,6.6,6.46,5.53,8.06,5.74,5.63,6.64,7.39,5.0,7.3,6.3,5.47,5.29,4.65,6.08,4.7,6.21,6.06,7.66,5.86,6.68,7.36,5.09,5.26,6.64,4.14,3.32,4.92,3.94,4.97,7.43
2022-11-01,6.38,6.11,4.42,5.09,5.37,4.95,6.1,6.85,7.01,4.14,6.13,5.4,5.79,6.07,5.9,5.58,6.09,5.9,5.75,3.87,6.36,5.37,4.5,4.11,5.89,5.28,5.77,5.06,5.46,6.07,6.58,7.04,6.75,6.5,7.29,5.15,6.36,6.54,7.76,6.05,6.36,5.93,6.61,5.57,5.98,6.67,4.83,5.92,7.56,5.78,6.75,6.65,6.54,5.47,7.3,6.08,6.01,6.38,7.33,4.98,7.07,6.07,5.64,4.24,4.3,5.78,4.34,6.03,5.99,7.11,5.43,6.85,6.82,5.41,5.36,6.65,5.18,3.26,5.19,4.56,5.1,6.81
2022-12-01,6.56,6.0,5.37,6.43,6.16,6.1,6.4,7.38,7.76,4.82,7.04,6.46,6.04,6.39,5.95,5.83,5.92,5.52,5.37,4.17,6.07,5.95,4.96,4.21,5.82,5.45,7.45,4.86,5.37,6.06,6.65,6.81,6.49,6.4,7.03,4.99,6.31,6.49,7.39,6.06,6.32,5.76,6.45,5.45,5.8,6.59,4.56,5.86,7.22,4.63,6.44,6.18,6.39,6.25,7.07,6.35,5.96,5.99,6.51,5.01,6.98,5.51,5.22,3.93,4.0,5.81,4.12,5.52,5.81,6.66,5.13,7.11,8.35,5.15,4.85,6.39,4.52,3.37,6.06,3.26,4.9,5.81
2023-01-01,6.36,5.58,4.98,6.35,6.17,5.91,6.68,6.76,7.17,3.95,6.95,6.63,5.39,6.15,5.34,5.31,6.0,5.99,5.6,5.38,4.68,4.9,4.45,3.83,5.9,5.24,7.37,5.5,5.4,6.11,6.61,6.58,6.16,5.86,6.93,4.98,6.03,6.05,7.08,5.92,6.73,5.59,6.06,5.21,5.7,6.56,4.54,5.74,6.55,4.95,5.95,5.95,5.39,5.85,7.08,5.69,5.74,5.5,5.99,4.78,6.04,5.09,4.73,4.0,4.2,5.21,4.12,5.67,5.93,5.82,5.27,6.54,6.66,5.7,4.26,5.81,4.87,3.7,6.08,3.23,4.41,5.26
2023-02-01,7.72,6.54,6.58,6.91,5.93,5.81,6.72,6.8,7.37,4.91,6.7,6.97,5.96,6.83,5.44,5.4,6.15,6.59,5.99,7.34,4.92,5.93,4.69,4.07,6.15,5.44,7.5,5.72,5.48,6.2,6.53,6.8,6.47,6.18,7.11,5.29,6.48,6.28,7.21,6.39,6.88,5.55,5.97,5.36,5.7,6.63,4.64,6.26,6.7,6.15,6.37,6.3,6.28,5.86,5.57,5.45,5.38,5.63,6.12,4.74,6.78,5.96,4.91,4.1,4.83,5.57,4.53,5.45,5.72,5.55,5.36,6.13,6.55,5.78,4.54,5.64,6.73,6.8,6.83,4.34,4.15,5.2
2023-03-01,6.27,5.32,5.35,5.23,4.81,4.77,5.37,5.94,6.08,3.49,5.54,6.25,4.67,5.24,4.93,4.82,5.65,5.68,4.85,6.71,4.04,4.83,4.28,4.0,5.29,4.9,5.0,5.22,5.22,5.48,5.51,5.75,5.71,5.59,6.37,4.81,5.51,6.11,6.48,5.71,6.43,5.36,5.74,5.04,5.15,6.3,3.75,5.39,5.37,5.25,5.5,5.14,5.52,6.39,6.84,5.04,5.41,5.11,5.93,5.04,6.61,5.51,5.03,3.85,5.2,4.94,3.77,4.87,5.99,5.89,5.79,6.91,5.61,4.68,3.89,5.3,7.49,5.11,4.75,5.07,3.17,4.39
2023-04-01,4.26,4.23,3.61,5.11,4.13,4.12,4.51,5.28,4.98,3.35,4.93,5.29,3.66,3.8,4.28,4.27,4.43,5.15,3.89,4.22,2.78,4.16,3.63,3.69,4.9,4.59,4.17,4.85,4.79,4.29,4.75,4.29,4.28,4.62,5.11,4.21,4.91,5.14,5.2,4.79,5.9,4.3,4.49,4.39,4.37,5.64,3.46,4.39,4.91,4.09,4.5,4.46,4.27,5.87,5.14,4.45,4.62,4.18,5.25,4.7,5.39,4.54,4.41,3.7,3.86,3.52,3.33,3.87,4.87,5.36,4.9,5.51,4.73,3.45,2.96,4.86,6.15,5.63,5.08,4.02,3.48,3.43
2023-05-01,3.56,3.41,3.08,4.39,3.96,3.59,4.22,4.26,3.56,2.51,4.18,4.01,2.88,3.52,3.38,3.4,4.06,4.43,3.48,3.24,1.93,3.08,2.3,3.52,4.57,4.53,3.9,4.57,4.57,4.14,4.25,3.9,3.85,4.44,4.57,3.88,4.17,4.72,4.9,4.51,5.44,4.55,4.22,4.17,3.85,5.27,3.42,4.38,4.4,3.88,4.09,3.94,3.75,4.9,4.16,4.11,3.85,3.6,4.53,3.64,4.69,4.34,3.85,2.71,3.44,3.75,3.44,3.34,4.78,3.69,4.78,4.8,4.93,3.15,2.27,5.03,5.59,5.71,3.95,4.0,4.57,2.39
2023-06-01,2.69,2.7,2.69,3.88,3.1,2.47,3.11,3.03,2.34,1.73,2.35,2.7,1.55,2.01,2.87,2.78,3.66,3.34,2.4,3.23,2.57,2.75,1.78,3.2,3.98,4.09,3.28,4.27,4.3,3.66,3.87,3.22,3.25,3.76,3.73,2.95,3.56,4.2,4.31,3.97,4.53,3.92,3.65,3.59,3.25,4.91,2.98,3.54,3.72,1.87,3.27,3.04,2.79,3.67,4.68,4.26,4.37,2.95,3.91,2.38,4.38,3.87,3.67,2.96,2.68,3.63,2.98,2.16,4.71,3.55,4.13,5.81,3.78,2.07,2.28,6.1,5.57,5.37,4.1,4.36,5.91,2.87
2023-07-01,1.77,2.01,2.16,3.14,3.17,2.48,2.98,2.15,2.47,1.22,1.83,2.86,0.8,1.19,2.38,2.39,3.23,2.6,2.05,2.69,1.83,2.4,1.47,2.81,3.66,3.89,2.89,4.13,3.87,3.15,3.41,2.88,3.0,3.55,3.69,2.57,3.03,4.0,3.73,3.32,3.37,3.51,3.07,3.15,2.71,4.46,2.82,3.28,3.24,1.63,2.66,2.01,1.89,2.8,3.94,4.32,3.9,2.97,3.32,2.27,4.06,3.67,3.49,2.82,1.92,2.53,2.42,1.68,3.49,2.89,3.64,3.7,2.95,1.74,1.34,4.29,3.32,3.79,4.98,3.24,5.21,2.17
2023-08-01,2.17,2.06,3.2,3.29,3.88,2.68,3.16,3.22,3.32,2.27,3.06,3.84,1.93,1.92,3.21,2.86,3.4,3.31,2.95,3.99,3.14,3.1,2.04,2.93,4.03,3.91,3.12,4.04,3.67,3.13,3.59,3.5,3.46,3.89,3.79,3.04,3.76,4.08,4.26,3.94,4.72,3.56,3.17,3.91,3.16,4.33,2.81,3.6,3.28,3.44,2.91,2.75,3.17,4.22,3.81,3.74,4.57,3.32,2.78,2.76,4.53,3.85,3.8,3.24,2.06,2.4,2.99,2.29,3.71,2.87,3.13,3.35,4.11,2.02,2.2,3.08,4.68,4.32,6.4,3.85,5.91,2.3
2023-09-01,2.13,1.4,2.55,3.4,2.5,2.07,2.65,1.93,2.1,1.45,1.82,2.77,1.17,1.78,2.29,2.15,2.4,2.27,2.27,5.03,2.7,2.12,1.53,1.89,2.98,2.78,2.3,3.07,2.34,1.96,2.96,2.77,2.68,2.6,2.89,2.31,3.06,3.3,3.05,3.1,4.47,2.55,2.27,3.18,2.16,3.14,1.97,2.47,2.09,3.03,2.31,2.19,2.67,3.8,1.87,2.23,2.68,1.98,1.83,2.12,2.68,2.96,3.14,2.28,1.16,1.98,2.14,1.61,2.49,1.85,1.22,3.3,3.92,1.16,1.19,3.04,4.26,3.34,5.26,1.99,4.72,1.28
2023-10-01,2.24,1.65,2.4,4.33,2.9,2.5,3.1,2.27,2.3,2.04,2.6,3.07,2.38,2.44,2.94,2.53,2.83,3.07,2.93,5.43,2.88,2.53,1.95,2.08,3.01,2.88,2.27,3.2,2.68,2.39,3.03,2.89,2.87,2.85,3.12,2.66,3.39,3.44,3.18,3.03,5.29,2.97,2.65,3.24,2.41,3.35,2.32,2.85,2.09,3.65,2.49,2.75,2.34,4.07,1.98,2.31,2.53,2.48,2.54,2.49,2.49,3.0,3.16,2.31,2.24,2.27,2.61,2.43,3.01,2.65,1.87,3.01,3.53,2.16,2.92,3.56,4.55,4.31,4.52,3.68,4.89,1.43
2023-11-01,3.11,1.93,2.97,4.19,3.37,3.14,3.39,3.2,2.69,2.38,3.22,3.71,3.23,3.82,3.56,2.95,3.08,4.14,3.73,5.89,2.75,3.53,2.84,2.33,3.64,3.03,2.36,3.27,3.06,2.54,3.11,3.11,2.94,3.22,3.45,3.06,3.68,3.48,2.64,2.7,5.51,3.06,2.94,3.32,2.72,3.31,3.09,3.6,2.23,4.47,2.51,2.96,2.77,3.81,2.59,2.0,2.07,2.57,2.58,2.43,2.9,3.4,3.21,2.58,2.85,2.55,2.75,2.79,2.86,2.52,2.08,2.82,2.98,3.22,2.21,2.96,3.15,3.9,3.12,2.87,5.25,1.82
2023-12-01,1.42,1.53,1.56,2.8,2.3,2.19,2.95,2.55,1.88,1.53,2.5,2.78,2.85,3.27,3.22,2.61,3.09,3.52,3.05,3.8,2.01,2.85,2.14,2.28,3.36,2.72,0.63,3.22,3.14,2.49,2.84,2.69,2.61,2.96,3.2,2.84,3.28,3.17,2.29,2.15,5.08,2.64,2.56,2.86,2.35,3.03,3.17,3.5,2.11,4.31,2.54,3.04,2.91,3.33,2.21,2.09,1.74,2.56,2.68,2.39,2.28,3.6,3.37,2.46,2.87,1.87,2.78,2.84,2.89,2.22,2.21,2.61,2.48,3.88,1.82,2.77,3.32,4.41,2.39,3.09,4.67,1.65
2024-01-01,2.15,1.81,1.33,2.43,2.54,1.79,2.59,2.43,1.38,1.55,1.66,1.91,2.42,2.65,2.54,2.01,2.85,2.35,1.99,1.9,1.89,3.55,2.45,1.83,2.83,2.57,1.9,1.97,3.32,2.34,2.14,2.4,2.09,2.67,2.67,2.13,2.41,2.82,1.93,2.44,3.88,2.12,2.29,2.64,2.15,2.4,2.46,2.28,2.06,2.8,2.12,2.71,2.65,3.57,1.86,2.12,1.93,2.61,2.88,2.41,2.31,3.54,2.61,1.55,2.45,1.98,2.32,2.31,2.11,2.62,2.1,1.92,3.88,2.64,0.86,2.74,2.88,4.19,3.05,1.34,4.51,1.52
2024-02-01,2.85,1.78,1.5,3.06,2.98,2.5,2.79,2.82,2.31,1.76,2.05,2.57,2.81,3.15,2.63,2.15,3.42,2.69,2.37,3.14,2.42,2.77,2.33,2.12,3.1,2.61,1.95,2.19,3.47,2.36,2.6,2.64,2.43,2.99,2.82,2.45,2.8,2.83,2.22,2.59,4.62,2.48,2.64,3.22,2.7,2.8,2.5,2.86,2.78,3.02,2.72,2.78,2.39,3.46,3.06,2.05,2.47,2.14,2.31,2.11,2.29,3.22,3.04,2.05,2.33,2.31,2.34,2.8,2.69,2.82,2.69,2.27,3.58,1.9,1.63,2.89,2.88,2.29,3.61,1.57,4.61,2.02
2024-03-01,4.39,2.52,2.79,4.28,3.84,3.62,4.1,3.39,3.44,3.16,2.86,3.56,3.38,3.41,2.9,2.36,3.48,2.72,3.21,1.8,2.24,3.56,2.68,2.18,3.41,3.13,2.58,2.7,3.91,2.73,3.13,3.1,2.96,3.22,3.18,2.89,3.41,2.8,2.53,2.67,4.68,2.88,2.9,3.54,3.05,2.99,3.62,2.91,3.46,3.71,3.43,3.44,3.1,0.95,2.07,2.31,2.69,2.43,2.49,1.64,2.58,2.95,2.84,2.0,2.62,2.41,2.18,2.56,2.43,2.37,2.75,2.67,2.89,2.46,2.64,2.8,2.59,3.7,4.78,0.93,3.7,1.98
2024-04-01,4.21,2.16,3.31,4.03,3.92,3.89,4.73,3.2,3.7,3.28,2.96,3.63,3.18,3.39,2.97,2.45,3.57,2.39,2.88,3.0,2.39,3.25,2.48,2.11,3.25,2.88,2.42,2.57,3.43,2.72,2.71,2.91,2.82,3.07,3.34,3.01,3.33,3.0,2.73,3.01,4.87,2.85,2.89,3.34,2.97,3.24,3.36,3.49,3.47,3.69,3.94,3.27,3.05,2.0,2.59,2.77,2.49,3.21,2.89,1.93,3.03,3.06,3.2,2.37,2.46,2.29,2.14,2.7,2.33,2.19,3.23,3.09,3.21,3.21,2.49,2.83,2.29,3.14,3.59,1.79,3.04,1.78
2024-05-01,3.8,2.54,2.93,4.15,3.99,4.14,4.38,3.64,3.83,3.4,3.39,4.09,3.45,3.22,3.03,2.51,3.61,2.44,2.25,1.27,1.97,3.9,3.07,2.08,2.9,2.52,2.27,1.97,3.21,2.43,2.17,2.53,2.4,2.67,2.94,2.56,2.54,2.69,2.39,2.83,3.35,2.28,2.45,2.88,2.41,2.87,2.95,3.2,2.64,2.92,3.52,3.18,2.91,2.25,2.81,2.65,2.09,3.25,2.8,1.79,2.99,3.13,3.34,2.52,2.81,2.24,1.74,2.49,2.23,2.28,2.64,2.55,2.96,3.28,2.21,4.61,3.7,3.62,4.56,0.95,4.19,2.18
2024-06-01,3.94,2.07,2.97,3.75,2.89,3.31,4.13,3.45,3.92,3.14,3.12,3.78,3.25,2.89,2.64,2.16,3.28,2.25,2.37,0.05,1.78,3.71,2.97,2.23,2.53,2.2,2.1,1.43,2.92,2.22,2.07,2.18,2.04,2.37,2.51,2.22,2.29,2.53,1.99,2.38,3.24,1.72,2.02,2.29,1.85,2.35,2.82,2.72,2.64,2.14,3.18,2.93,2.39,2.19,2.12,1.98,1.51,2.51,2.37,1.96,2.49,3.0,2.88,2.24,2.65,2.28,1.78,2.45,1.77,2.64,2.47,2.4,3.01,2.57,2.45,4.49,3.39,3.52,3.73,0.68,2.04,1.47
,1.0,2.0,3.0,4.0,5.0,6.0,7.0,8.0,9.0,10.0,11.0,12.0,13.0,14.0,15.0,16.0,17.0,18.0,19.0,20.0,21.0,22.0,23.0,24.0,25.0,26.0,27.0,28.0,29.0,30.0,31.0,32.0,33.0,34.0,35.0,36.0,37.0,38.0,39.0,40.0,41.0,42.0,43.0,44.0,45.0,46.0,47.0,48.0,49.0,50.0,51.0,52.0,53.0,54.0,55.0,56.0,57.0,58.0,59.0,60.0,61.0,62.0,63.0,64.0,65.0,66.0,67.0,68.0,69.0,70.0,71.0,72.0,73.0,74.0,75.0,76.0,77.0,78.0,79.0,80.0,81.0,82.0
,1.636257565494752,1.6456494800844488,1.511075951880154,2.1550526196851405,1.6969493946954501,2.1079075992970955,1.5032507772367507,2.289298960321638,2.0187811212207265,1.438977643494384,1.9322255249104519,1.7018217487555107,1.89380508680215,1.8180325426026682,1.726577665229809,1.9095377488843805,2.230679013571626,1.9152983528703276,1.3934768058771623,2.233055171108723,2.450272110446806,1.9986162698894971,1.72317543478126,1.6793919329737368,1.2827061828474826,1.4316686712627318,1.665897298261154,1.4494296429721214,1.2852123984349453,1.3966720067763565,1.7091950105086315,1.688537280920429,1.4551397680194662,1.6271876876008426,1.6594684228256484,1.4573873552895613,1.515341972632342,1.4064724957299668,1.6973383123105847,1.3798562103868512,1.631238677588175,1.4924436754826345,1.847905040442564,1.3588221582155817,1.506566446261978,1.7066243868252924,1.8926045130327276,1.7487220231268026,2.1569925524713467,2.0831677509955586,1.7751215943863314,1.7243240601387761,1.7105482307714286,1.4120097780934848,2.077257421399283,2.3024364085102103,1.9553916934611022,1.925570453782866,1.681443034946675,1.8842341927261785,1.7633989125594114,2.2173403950495336,1.569120746819666,2.453969129415541,2.348445806655477,1.6950108221311446,1.5660575130933532,1.6087774492591815,1.892043684445291,1.9242700648701245,1.6477653594400783,1.8114118637717194,2.6177992551402633,1.7322954383324718,1.7670814140827606,2.562231342261947,4.190768906714377,2.0080233821740996,2.09043986295679,2.0590527310047597,2.6127991648497337,2.432306377933158
,3.741081081081083,3.3824324324324326,3.4663963963963993,4.228648648648647,3.7013513513513505,3.7372972972972978,3.7570270270270276,3.728918918918918,3.472522522522523,3.3067567567567573,3.7581081081081096,3.913423423423423,3.5188288288288296,3.5939639639639642,3.525495495495498,3.6063063063063048,4.1082882882882865,3.779369369369368,3.1755855855855857,3.977477477477477,3.945945945945944,3.80144144144144,3.0425225225225216,3.1834234234234233,3.8166666666666664,3.3689189189189177,3.597027027027027,3.04972972972973,3.6600000000000015,3.4298198198198198,3.422792792792791,3.613153153153152,3.429729729729729,3.5717117117117114,3.446576576576577,3.3247747747747742,3.710720720720722,3.4744144144144147,3.431621621621622,3.0454954954954947,3.6330630630630636,2.932522522522523,3.4527927927927933,2.960720720720721,3.3910810810810825,3.715495495495495,3.631891891891892,4.306396396396399,4.366036036036038,3.8333333333333313,3.3938738738738747,3.3178378378378373,3.432882882882882,2.9995495495495494,3.2887387387387377,4.064054054054056,3.7661261261261263,4.104864864864868,3.3782882882882883,3.5372072072072083,4.076486486486487,3.7491891891891895,3.402342342342345,3.727477477477478,3.3845045045045055,3.8396396396396386,3.3950450450450447,3.3855855855855856,3.9879279279279283,3.557837837837839,3.5749549549549533,3.562072072072074,3.632072072072073,3.1687387387387376,3.5018018018018,3.401801801801801,4.992432432432433,3.4614414414414405,3.781081081081082,3.380180180180179,3.612612612612613,3.4717117117117104
,0.43737559545806814,0.4865284120105841,0.43592127935831004,0.5096315155844958,0.45846752540147256,0.564019244822046,0.40011710494036234,0.6139310105957861,0.5813586832416672,0.4351628345671614,0.5141484676137122,0.4348677780608709,0.5381918754577398,0.5058571985784377,0.4897404258311621,0.5294996006149546,0.5429704190747129,0.5067772333641783,0.4388094001315357,0.5614249694067232,0.6209593704556977,0.5257522181195712,0.5663640686388722,0.5275427455288793,0.3360802225801265,0.42496382540490246,0.4631317156485288,0.47526494851088696,0.35115092853413793,0.4072143961340011,0.49935684512004375,0.4673306691820867,0.4242724303918066,0.45557643475683185,0.48148311402788235,0.4383416784640058,0.4083686395935563,0.4048085023752173,0.4946169768881754,0.4530810216031372,0.4489981729667156,0.5089282909236963,0.5351914091977368,0.45894979175368045,0.44427320085831806,0.45932618917028145,0.521107061930428,0.40607548914682745,0.4940391088548364,0.5434350654771025,0.5230369955852695,0.5197131820229287,0.49828330564395384,0.4707406078041052,0.631627376456158,0.5665368565197695,0.5192050473021298,0.4690947247166578,0.4977204108885061,0.5326897980098458,0.43257813276336415,0.5914186463151149,0.46118837816285224,0.6583457966528701,0.6938817199179032,0.4414504956746999,0.461277388757761,0.47518439826442027,0.47444279802427886,0.5408537860847356,0.4609191948436288,0.5085275724693612,0.720745404605043,0.5466829490089115,0.5046206250660832,0.7531983024128077,0.8394242613059328,0.5801119031318649,0.5528682982802088,0.6091547258569521,0.7232436590980559,0.7006072450451024
